{
    "random_0": {
        "Nominal": {
            "4.0": [
                0.15070667388593614,
                0.001704684771024264
            ]
        }
    },
    "random_1": {
        "Nominal": {
            "4.0": [
                0.14245853674524814,
                0.00241387432271784
            ]
        }
    },
    "random_2": {
        "Nominal": {
            "4.0": [
                0.1229989452970388,
                0.0035744796499321005
            ]
        }
    },
    "random_3": {
        "Nominal": {
            "4.0": [
                0.1546189332489489,
                0.0022955363477035902
            ]
        }
    },
    "random_4": {
        "Nominal": {
            "4.0": [
                0.13162571070227844,
                0.0031941620079246726
            ]
        }
    },
    "random_5": {
        "Nominal": {
            "4.0": [
                0.13274798896994744,
                0.004214411244381383
            ]
        }
    },
    "random_6": {
        "Nominal": {
            "4.0": [
                0.1291698783375992,
                0.0026834283099078492
            ]
        }
    },
    "random_7": {
        "Nominal": {
            "4.0": [
                0.20848035855100377,
                0.004564360609272016
            ]
        }
    },
    "random_8": {
        "Nominal": {
            "4.0": [
                0.13489473562621448,
                0.003349032591689717
            ]
        }
    },
    "random_9": {
        "Nominal": {
            "4.0": [
                0.11845401509225355,
                0.004301370658310763
            ]
        }
    }
}